{
  "means": {
    "shape": [
      2979076,
      3
    ],
    "dtype": "float32",
    "mins": [
      -3.611624240875244,
      -3.9850802421569824,
      -3.197627067565918
    ],
    "maxs": [
      3.3338615894317627,
      3.8028082847595215,
      3.2780048847198486
    ],
    "files": [
      "means_l.webp",
      "means_u.webp"
    ]
  },
  "scales": {
    "shape": [
      2979076,
      3
    ],
    "dtype": "float32",
    "mins": [
      -15.315868377685547,
      -14.436504364013672,
      -14.163472175598145
    ],
    "maxs": [
      0.8213211297988892,
      0.8858201503753662,
      0.7451834678649902
    ],
    "files": [
      "scales.webp"
    ]
  },
  "quats": {
    "shape": [
      2979076,
      4
    ],
    "dtype": "uint8",
    "encoding": "quaternion_packed",
    "files": [
      "quats.webp"
    ]
  },
  "sh0": {
    "shape": [
      2979076,
      1,
      4
    ],
    "dtype": "float32",
    "mins": [
      -2.32064151763916,
      -2.2782535552978516,
      -2.381464958190918,
      -5.7405195236206055
    ],
    "maxs": [
      3.0,
      3.0,
      3.0,
      14.699434280395508
    ],
    "files": [
      "sh0.webp"
    ]
  },
  "shN": {
    "shape": [
      2979076,
      45
    ],
    "dtype": "float32",
    "mins": -0.37738925218582153,
    "maxs": 0.3935002088546753,
    "quantization": 8,
    "files": [
      "shN_centroids.webp",
      "shN_labels.webp"
    ]
  }
}