{
  "means": {
    "shape": [
      215296,
      3
    ],
    "dtype": "float32",
    "mins": [
      -1.3324474096298218,
      -1.551248550415039,
      -1.5908839702606201
    ],
    "maxs": [
      1.450325846672058,
      1.3482321500778198,
      1.3810616731643677
    ],
    "files": [
      "means_l.webp",
      "means_u.webp"
    ]
  },
  "scales": {
    "shape": [
      215296,
      3
    ],
    "dtype": "float32",
    "mins": [
      -16.667644500732422,
      -19.556381225585938,
      -18.28008460998535
    ],
    "maxs": [
      -0.09155438840389252,
      -0.2909834086894989,
      0.6799421310424805
    ],
    "files": [
      "scales.webp"
    ]
  },
  "quats": {
    "shape": [
      215296,
      4
    ],
    "dtype": "uint8",
    "encoding": "quaternion_packed",
    "files": [
      "quats.webp"
    ]
  },
  "sh0": {
    "shape": [
      215296,
      1,
      4
    ],
    "dtype": "float32",
    "mins": [
      -2.2568211555480957,
      -2.1753294467926025,
      -2.355320692062378,
      -5.543791770935059
    ],
    "maxs": [
      3.0,
      3.0,
      3.0,
      16.649320602416992
    ],
    "files": [
      "sh0.webp"
    ]
  },
  "shN": {
    "shape": [
      215296,
      45
    ],
    "dtype": "float32",
    "mins": -0.6816241145133972,
    "maxs": 0.794812023639679,
    "quantization": 8,
    "files": [
      "shN_centroids.webp",
      "shN_labels.webp"
    ]
  }
}